epoch,dice,learning_rate,loss,pixel_accuracy,val_dice,val_loss,val_pixel_accuracy
0,0.13902513682842255,9.999999747378752e-05,0.9129830598831177,0.1677599400281906,0.13521498441696167,0.7418444156646729,0.08044223487377167
1,0.1465528905391693,9.999999747378752e-05,0.748114287853241,0.3229988217353821,0.1352148950099945,0.745721697807312,0.08044170588254929
2,0.14564582705497742,9.999999747378752e-05,0.6649630665779114,0.5789790153503418,0.13445979356765747,0.7132931351661682,0.1651790291070938
3,0.15062011778354645,9.999999747378752e-05,0.6071488857269287,0.7912076711654663,0.11658015847206116,0.6777462363243103,0.6311277151107788
4,0.16468234360218048,9.999999747378752e-05,0.5746064186096191,0.8670372366905212,0.0725051537156105,0.6384666562080383,0.8221977353096008
5,0.1831800937652588,9.999999747378752e-05,0.5467982888221741,0.8967418074607849,0.03819553554058075,0.6034898161888123,0.8859642148017883
6,0.1879536509513855,4.999999873689376e-05,0.5367512702941895,0.9056928753852844,0.02952761761844158,0.5775787830352783,0.8980370759963989
7,0.2125367373228073,4.999999873689376e-05,0.5301162004470825,0.9096764922142029,0.02832636423408985,0.5575226545333862,0.9045336246490479
8,0.21613939106464386,4.999999873689376e-05,0.5215117335319519,0.9164408445358276,0.02758314087986946,0.5403732061386108,0.9077684879302979
9,0.22834421694278717,4.999999873689376e-05,0.513422966003418,0.9217424392700195,0.02843502350151539,0.5285691022872925,0.9106066226959229
10,0.22940516471862793,4.999999873689376e-05,0.5083776712417603,0.9236887097358704,0.0349942184984684,0.5190045833587646,0.9124913811683655
11,0.23756791651248932,2.499999936844688e-05,0.5036683082580566,0.9254531860351562,0.05666830390691757,0.5121417045593262,0.9148669838905334
12,0.24195635318756104,2.499999936844688e-05,0.4995601177215576,0.9285643696784973,0.08254370093345642,0.506522536277771,0.9169748425483704
13,0.253572016954422,2.499999936844688e-05,0.4952249526977539,0.9322613477706909,0.12470781058073044,0.5012996792793274,0.9207963347434998
14,0.25484102964401245,2.499999936844688e-05,0.4949984848499298,0.9307879209518433,0.1674611121416092,0.49737995862960815,0.9242001175880432
15,0.2768346667289734,2.499999936844688e-05,0.49154865741729736,0.9333721995353699,0.25428032875061035,0.4924403131008148,0.9314680695533752
16,0.27197086811065674,2.499999936844688e-05,0.4881856143474579,0.9338498711585999,0.22012358903884888,0.49065274000167847,0.9311097264289856
17,0.28253358602523804,2.499999936844688e-05,0.48549771308898926,0.9358681440353394,0.1966848373413086,0.48923206329345703,0.9288851022720337
18,0.2903989255428314,2.499999936844688e-05,0.48277008533477783,0.9373846650123596,0.18381033837795258,0.4872243106365204,0.9299647808074951
19,0.30744317173957825,2.499999936844688e-05,0.4817010164260864,0.937282145023346,0.21107755601406097,0.4830901026725769,0.9336800575256348
20,0.32161054015159607,2.499999936844688e-05,0.47783026099205017,0.9385477900505066,0.2497493177652359,0.4822377860546112,0.9352554082870483
21,0.3143482506275177,1.249999968422344e-05,0.47559961676597595,0.9396833181381226,0.2729906141757965,0.47880908846855164,0.938258707523346
22,0.3296903669834137,1.249999968422344e-05,0.47179460525512695,0.9417962431907654,0.2703994810581207,0.477142333984375,0.9389017224311829
23,0.3492434322834015,1.249999968422344e-05,0.4713055491447449,0.9423590898513794,0.30929669737815857,0.4758273959159851,0.9413878321647644
24,0.35134485363960266,1.249999968422344e-05,0.4725433588027954,0.9406189322471619,0.3216368854045868,0.47450152039527893,0.9417198300361633
25,0.36604538559913635,1.249999968422344e-05,0.4674121141433716,0.943800687789917,0.28878968954086304,0.4720265567302704,0.9422286748886108
26,0.3667527139186859,1.249999968422344e-05,0.4665869474411011,0.9441815614700317,0.2915323078632355,0.4717876613140106,0.9411373734474182
27,0.3899391293525696,1.249999968422344e-05,0.4646894931793213,0.9444548487663269,0.37037724256515503,0.4705674946308136,0.9433398842811584
28,0.39318153262138367,1.249999968422344e-05,0.4636988043785095,0.9447587132453918,0.36565810441970825,0.46809622645378113,0.9445285201072693
29,0.4026579260826111,1.249999968422344e-05,0.4625917077064514,0.945010244846344,0.3619941174983978,0.4665617048740387,0.9449373483657837
